<config>
<AutoStart>1</AutoStart>
<MovieWidth>588</MovieWidth>
<MovieHeight>476</MovieHeight>
<BackgroundColor>FFFFFF</BackgroundColor>
<MovieURL>IDA_CE.swf</MovieURL>
<ShowLoadingMov>1</ShowLoadingMov>
<LoadingMovURL>IDA_CE_preload.swf</LoadingMovURL>
<ScaleLoadingMov>1</ScaleLoadingMov>
<LoadingMovPercentToLoad>50</LoadingMovPercentToLoad>
<LoadingMovMinDuration>3</LoadingMovMinDuration>
<ControllerColor>C0C0C0</ControllerColor>
<ShowFFRW>1</ShowFFRW>
<ShowAbout>0</ShowAbout>
<AboutBoxText></AboutBoxText>
<TimeDisplayFormat>HH:MM:SS</TimeDisplayFormat>
<ShowDuration>1</ShowDuration>
<ShowElapsedTime>1</ShowElapsedTime>
<TimeDisplayFont>Arial</TimeDisplayFont>
<TimeDisplayFontColor>000000</TimeDisplayFontColor>
</config>
